美国,马里兰州,贝塞斯达,国家卫生研究院,新兴,病原体部,重症,医学科,临床中心
美国,马里兰州,贝塞斯达,国家卫生研究院,国家,过敏,传染病,研究所,免疫调节,实验室
美国,马里兰州,贝塞斯达,国家卫生研究院,临床中心,重症,医学部
美国,马里兰州,贝塞斯达,国家卫生研究院,糖尿病,消化,肾脏,疾病,国家,研究所,肾脏,疾病科
美国,马里兰州,贝塞斯达,国家卫生研究院,国家,癌症,研究所,癌症,研究,中心,病理学,实验室
美国,国家卫生研究所,变态反应,传染病,研究所,室内,研究部,病毒学,实验室,汉密尔顿
美国,国家,过敏症,传染病,研究所,落矶山,实验室,持续性,病毒性,疾病,实验室,美国,马萨诸塞州,汉密尔顿,国家卫生研究所
美国,马里兰州,贝塞斯达,国家卫生研究院,国家,过敏,传染病,研究所,疫苗,研究,中心
美国,马里兰州,贝塞斯达,国家卫生研究院,牙科,颅面,研究所
美国,马里兰州,巴尔的摩,马里兰大学,医学院
美国,马里兰州,贝塞斯达,国立,卫生,研究院,国家,普通,医学,研究所,博士后,研究,助理,培训,计划
R,Adams,Cowley,休克,创伤,中心,美国,马里兰州,巴尔的摩,马里兰大学,医学院,创伤,医学系
R,Adams,Cowley,休克,创伤,中心,美国,马里兰州,巴尔的摩,马里兰大学,医学院,创伤外科,项目部
美国,马里兰州,巴尔的摩,马里兰大学,医学院,传染病科,医学部
美国,马里兰州,巴尔的摩,马里兰大学,医学院,人类,病毒学,研究所
美国,马里兰州,巴尔的摩,马里兰大学,医学院,心脏外科
美国,马里兰州,巴尔的摩,马里兰大学,医学院,内科,肺科,重症,监护,医学
美国,马里兰州,索尔兹伯里,TidalHealth,Peninsula,Regional,住院部
马里兰州,大学,圣,约瑟夫,医学中心,医学院,重症,医学部,美国,医学博士,托森
美国,马里兰州,贝塞斯达,国家卫生研究院,变态反应,传染病,研究所,传染病,实验室,医学,病毒,学科
研究,国家卫生研究院,临床中心,国家,癌症,研究所,癌症,研究,中心,国家,牙科,颅面,研究所,国家,过敏,传染病,研究所,校内,研究,计划,资助,支持,研究,美国,国立,卫生,研究院,NIH,医学,研究,学者,计划,实现,这是,NIH,共同,支持,公私,合作伙伴,关系,Doris,Duke,慈善,基金会,Genentech,美国,牙科,研究,协会,高露洁,棕榄,公司,NIH,基金会,捐款
